<?xml version="1.0" encoding="UTF-8"?>
<ti:module xmlns:ti="http://ti.appcelerator.org" xmlns:android="http://schemas.android.com/apk/res/android">
	<!--
		Similar to tiapp.xml, but contains module/platform specific
		configuration in <iphone>, <android>, and <mobileweb> sections
	-->
	<iphone>
	</iphone>
    <android xmlns:android="http://schemas.android.com/apk/res/android">
        <manifest>
            <application>
                <activity android:name="com.google.android.gms.ads.AdActivity"
                    android:configChanges="keyboard|keyboardHidden|orientation|screenLayout|uiMode|screenSize|smallestScreenSize"
                    android:theme="@android:style/Theme.Translucent" />
                <meta-data android:name="com.google.android.gms.version"
                           android:value="6171000"/>
            </application>
            <uses-permission android:name="android.permission.INTERNET"/>
            <uses-permission android:name="android.permission.ACCESS_NETWORK_STATE"/>
        </manifest>
    </android>
	<mobileweb>
	</mobileweb>
</ti:module>
