{"proxies":{"ti.dfp.ViewProxy":{"superPackageName":"org.appcelerator.titanium.proxy","methods":{"requestAd":{"runOnUiThread":false,"hasInvocation":false,"args":[],"apiName":"requestAd","converter":"org.appcelerator.kroll.KrollConverter","defaultValueProvider":"org.appcelerator.kroll.KrollConverter","name":"__default_name__","returnType":"void"}},"superProxyBindingClassName":"org.appcelerator.titanium.proxy.TiViewProxyBindingGen","proxyClassName":"ViewProxy","proxyAttrs":{"propertyAccessors":[],"fullAPIName":"Dfp.View","name":"View","proxyClassName":"ti.dfp.ViewProxy","isTopLevel":false,"id":"ti.dfp.ViewProxy","creatableInModule":"ti.dfp.DfpModule","parentModule":"org.appcelerator.kroll.annotations.Kroll.DEFAULT"},"packageName":"ti.dfp","sourceName":"ti.dfp.ViewProxyBindingGen","isTitaniumSdk":false,"superProxyClassName":"TiViewProxy","isModule":false,"genClassName":"ViewProxyBindingGen"},"ti.dfp.DfpModule":{"superPackageName":"org.appcelerator.kroll","methods":{"getAdTrackingDisabled":{"runOnUiThread":false,"hasInvocation":false,"args":[],"apiName":"getAdTrackingDisabled","converter":"org.appcelerator.kroll.KrollConverter","defaultValueProvider":"org.appcelerator.kroll.KrollConverter","name":"__default_name__","returnType":"boolean"},"setAdUnitId":{"runOnUiThread":false,"hasInvocation":false,"args":[{"converter":"org.appcelerator.kroll.KrollConverter","defaultValueProvider":"org.appcelerator.kroll.KrollConverter","name":"adUnitId","sourceName":"adUnitId","type":"java.lang.String"}],"apiName":"setAdUnitId","converter":"org.appcelerator.kroll.KrollConverter","defaultValueProvider":"org.appcelerator.kroll.KrollConverter","name":"__default_name__","returnType":"void"},"getAdvertisingId":{"runOnUiThread":false,"hasInvocation":false,"args":[],"apiName":"getAdvertisingId","converter":"org.appcelerator.kroll.KrollConverter","defaultValueProvider":"org.appcelerator.kroll.KrollConverter","name":"__default_name__","returnType":"java.lang.String"}},"superProxyClassName":"KrollModule","isModule":true,"genClassName":"DfpModuleBindingGen","superProxyBindingClassName":"org.appcelerator.kroll.KrollModuleBindingGen","proxyClassName":"DfpModule","proxyAttrs":{"propertyAccessors":[],"fullAPIName":"Dfp","name":"Dfp","proxyClassName":"ti.dfp.DfpModule","isTopLevel":false,"id":"ti.dfp"},"packageName":"ti.dfp","sourceName":"ti.dfp.DfpModuleBindingGen","constants":{"EMULATOR_ID":{"proxyName":"EMULATOR_ID","name":"EMULATOR_ID","type":"java.lang.String","value":"[[[[[ -- PublisherAdRequest.DEVICE_ID_EMULATOR -- ]]]]]"}},"isTitaniumSdk":false,"onAppCreate":"onAppCreate"}},"modules":{"ti.dfp.DfpModule":{"apiName":"Dfp","createProxies":[{"propertyAccessors":[],"fullAPIName":"Dfp.View","name":"View","proxyClassName":"ti.dfp.ViewProxy","isTopLevel":false,"id":"ti.dfp.ViewProxy","creatableInModule":"ti.dfp.DfpModule","parentModule":"org.appcelerator.kroll.annotations.Kroll.DEFAULT"}]}}}